DoctorID,Name,Mobile
117800101,Cep Ueb,8900000101
117800102,Yem Wej,8900000102
117800103,Xep Rez,8900000103
117800104,Get Zet,8900000104
117800105,Aea Kev,8900000105
117800106,Ued Wel,8900000106
117800107,Jeu Oev,8900000107
117800108,Uex Cet,8900000108
117800109,Geu Eey,8900000109
117800110,Qej Vet,8900000110
117800111,Cei Sec,8900000111
117800112,Uel Med,8900000112
117800113,Ees Eef,8900000113
117800114,Eer Vei,8900000114
117800115,Oes Les,8900000115
117800116,Rev Teb,8900000116
117800117,Beb Mem,8900000117
117800118,Geo Oey,8900000118
117800119,Fea Kez,8900000119
117800120,Rem Beg,8900000120
117800121,Sex Sen,8900000121
117800122,Seh Hec,8900000122
117800123,Nek Gef,8900000123
117800124,Fei Ues,8900000124
117800125,Aei Eer,8900000125
117800126,Bew Jeu,8900000126
117800127,Qez Eel,8900000127
117800128,Kez Qeg,8900000128
117800129,Ser Sea,8900000129
117800130,Jek Weg,8900000130
117800131,Jep Wek,8900000131
117800132,Bez Jel,8900000132
117800133,Teo Wek,8900000133
117800134,Ter Fez,8900000134
117800135,Bea Ger,8900000135
117800136,Teb Eek,8900000136
117800137,Oew Heh,8900000137
117800138,Een Nei,8900000138
117800139,Tew Mew,8900000139
117800140,Feu Pex,8900000140
117800141,Ies Fej,8900000141
117800142,Meg Zej,8900000142
117800143,Lei Zem,8900000143
117800144,Vel Wem,8900000144
117800145,Ged Veq,8900000145
117800146,Kem Vec,8900000146
117800147,Pez Veh,8900000147
117800148,Ter Mej,8900000148
117800149,Wer Ven,8900000149
117800150,Fev Sem,8900000150
117800151,Lec Iee,8900000151
117800152,Gee Hem,8900000152
117800153,Zes Set,8900000153
117800154,Geb Gef,8900000154
117800155,Uen Pek,8900000155
117800156,Pev Oem,8900000156
117800157,Meg Ted,8900000157
117800158,Gez Wep,8900000158
117800159,Zem Uef,8900000159
117800160,Wey Aeo,8900000160
117800161,Pee Teb,8900000161
117800162,Yey Xec,8900000162
117800163,Yej Vez,8900000163
117800164,Oem Oeh,8900000164
117800165,Teh Oep,8900000165
117800166,Yez Kep,8900000166
117800167,Teg Yel,8900000167
117800168,Dec Dee,8900000168
117800169,Neb Sep,8900000169
117800170,Fea Wef,8900000170
117800171,Oea Tes,8900000171
117800172,Qeu Zex,8900000172
117800173,Vef Ged,8900000173
117800174,Pev Eef,8900000174
117800175,New Zel,8900000175
117800176,Sek Sen,8900000176
117800177,Zet Ieb,8900000177
117800178,Yeh Tep,8900000178
117800179,Cev Yep,8900000179
117800180,Sek Cen,8900000180
117800181,Oea Beb,8900000181
117800182,Keg Med,8900000182
117800183,Reh Bep,8900000183
117800184,Uez Nek,8900000184
117800185,Ces Aea,8900000185
117800186,Mee Wea,8900000186
117800187,Eez Aed,8900000187
117800188,Dej Uea,8900000188
117800189,Qes Bes,8900000189
117800190,Meg Qeo,8900000190
117800191,Mer Oez,8900000191
117800192,Kee Peq,8900000192
117800193,Cei Teq,8900000193
117800194,Vez Jen,8900000194
117800195,Hec Uei,8900000195
117800196,Oen Vex,8900000196
117800197,Pes Den,8900000197
117800198,Ves Uef,8900000198
117800199,Der Hes,8900000199
117800200,Deo Wei,8900000200